Workbook

Sheet دليل الأغذية (لكل 100ج)
A1: اسم الصنف (Food Item) | B1: التصنيف (Category) | C1: السعرات لكل 100ج (kcal) | D1: البروتين (g) | E1: الكربوهيدرات (g) | F1: الدهون (g)
A2: الجنبة الرومي | B2: الألبان والمنتجات اللبنية | C2: 374 | D2: 25 | E2: 1 | F2: 30
A3: الزبادي الخالي الدسم | B3: الألبان والمنتجات اللبنية | C3: 56 | D3: 5.7 | E3: 7.7 | F3: 0.2
A4: الزبادي الكامل الدسم | B4: الألبان والمنتجات اللبنية | C4: 95 | D4: 2.9 | E4: 13 | F4: 2.7
A5: اللبن الرايب | B5: الألبان والمنتجات اللبنية | C5: 60 | D5: 3 | E5: 5 | F5: 3
A6: جبنة شيدر | B6: الألبان والمنتجات اللبنية | C6: 374 | D6: 25 | E6: 1 | F6: 30
A7: جبنة قريش | B7: الألبان والمنتجات اللبنية | C7: 103 | D7: 12.5 | E7: 2.7 | F7: 4.5
A8: جبنة مثلثات | B8: الألبان والمنتجات اللبنية | C8: 349 | D8: 7.5 | E8: 2.7 | F8: 34.9
A9: لبن خالي الدسم | B9: الألبان والمنتجات اللبنية | C9: 35 | D9: 3 | E9: 5 | F9: 3
A10: لبن كامل الدسم | B10: الألبان والمنتجات اللبنية | C10: 60 | D10: 3 | E10: 5 | F10: 3
A11: الترمس | B11: البقوليات والنشويات المعقدة | C11: 120 | D11: 16 | E11: 10 | F11: 3
A12: الحمص | B12: البقوليات والنشويات المعقدة | C12: 364 | D12: 19 | E12: 61 | F12: 6
A13: العدس | B13: البقوليات والنشويات المعقدة | C13: 350 | D13: 26 | E13: 60 | F13: 1
... A72: عين الجمل | B72: المكسرات والدهون الصحية | C72: 654 | D72: 15.3 | E72: 13.8 | F72: 65.2

Sheet حاسبة الوجبات التفاعلية
A1: حاسبة الوجبات والقيم الغذائية المباشرة
A2: اختر الصنف من القائمة المنسدلة، ثم أدخل الكمية بالجرام تحسب الماكروز والسعرات تلقائياً.
A4: م | B4: اختر الصنف (Food Item) | C4: الوزن المطلوب (جرام) | D4: السعرات الحرارية (kcal) | E4: البروتين (g) | F4: الكربوهيدرات (g) | G4: الدهون (g)
A5: 1 | D5: =IF(OR(B5="", C5=""), 0, ROUND(VLOOKUP(B5, 'دليل الأغذية (لكل 100ج)'!$A$2:$F$72, 3, FALSE) * (C5/100), 1)) | E5: =IF(OR(B5="", C5=""), 0, ROUND(VLOOKUP(B5, 'دليل الأغذية (لكل 100ج)'!$A$2:$F$72, 4, FALSE) * (C5/100), 1)) | F5: =IF(OR(B5="", C5=""), 0, ROUND(VLOOKUP(B5, 'دليل الأغذية (لكل 100ج)'!$A$2:$F$72, 5, FALSE) * (C5/100), 1)) | G5: =IF(OR(B5="", C5=""), 0, ROUND(VLOOKUP(B5, 'دليل الأغذية (لكل 100ج)'!$A$2:$F$72, 6, FALSE) * (C5/100), 1))
A6: 2 | D6: =IF(OR(B6="", C6=""), 0, ROUND(VLOOKUP(B6, 'دليل الأغذية (لكل 100ج)'!$A$2:$F$72, 3, FALSE) * (C6/100), 1)) | E6: =IF(OR(B6="", C6=""), 0, ROUND(VLOOKUP(B6, 'دليل الأغذية (لكل 100ج)'!$A$2:$F$72, 4, FALSE) * (C6/100), 1)) | F6: =IF(OR(B6="", C6=""), 0, ROUND(VLOOKUP(B6, 'دليل الأغذية (لكل 100ج)'!$A$2:$F$72, 5, FALSE) * (C6/100), 1)) | G6: =IF(OR(B6="", C6=""), 0, ROUND(VLOOKUP(B6, 'دليل الأغذية (لكل 100ج)'!$A$2:$F$72, 6, FALSE) * (C6/100), 1))
A7: 3 | D7: =IF(OR(B7="", C7=""), 0, ROUND(VLOOKUP(B7, 'دليل الأغذية (لكل 100ج)'!$A$2:$F$72, 3, FALSE) * (C7/100), 1)) | E7: =IF(OR(B7="", C7=""), 0, ROUND(VLOOKUP(B7, 'دليل الأغذية (لكل 100ج)'!$A$2:$F$72, 4, FALSE) * (C7/100), 1)) | F7: =IF(OR(B7="", C7=""), 0, ROUND(VLOOKUP(B7, 'دليل الأغذية (لكل 100ج)'!$A$2:$F$72, 5, FALSE) * (C7/100), 1)) | G7: =IF(OR(B7="", C7=""), 0, ROUND(VLOOKUP(B7, 'دليل الأغذية (لكل 100ج)'!$A$2:$F$72, 6, FALSE) * (C7/100), 1))
A8: 4 | D8: =IF(OR(B8="", C8=""), 0, ROUND(VLOOKUP(B8, 'دليل الأغذية (لكل 100ج)'!$A$2:$F$72, 3, FALSE) * (C8/100), 1)) | E8: =IF(OR(B8="", C8=""), 0, ROUND(VLOOKUP(B8, 'دليل الأغذية (لكل 100ج)'!$A$2:$F$72, 4, FALSE) * (C8/100), 1)) | F8: =IF(OR(B8="", C8=""), 0, ROUND(VLOOKUP(B8, 'دليل الأغذية (لكل 100ج)'!$A$2:$F$72, 5, FALSE) * (C8/100), 1)) | G8: =IF(OR(B8="", C8=""), 0, ROUND(VLOOKUP(B8, 'دليل الأغذية (لكل 100ج)'!$A$2:$F$72, 6, FALSE) * (C8/100), 1))
A9: 5 | D9: =IF(OR(B9="", C9=""), 0, ROUND(VLOOKUP(B9, 'دليل الأغذية (لكل 100ج)'!$A$2:$F$72, 3, FALSE) * (C9/100), 1)) | E9: =IF(OR(B9="", C9=""), 0, ROUND(VLOOKUP(B9, 'دليل الأغذية (لكل 100ج)'!$A$2:$F$72, 4, FALSE) * (C9/100), 1)) | F9: =IF(OR(B9="", C9=""), 0, ROUND(VLOOKUP(B9, 'دليل الأغذية (لكل 100ج)'!$A$2:$F$72, 5, FALSE) * (C9/100), 1)) | G9: =IF(OR(B9="", C9=""), 0, ROUND(VLOOKUP(B9, 'دليل الأغذية (لكل 100ج)'!$A$2:$F$72, 6, FALSE) * (C9/100), 1))
A10: 6 | D10: =IF(OR(B10="", C10=""), 0, ROUND(VLOOKUP(B10, 'دليل الأغذية (لكل 100ج)'!$A$2:$F$72, 3, FALSE) * (C10/100), 1)) | E10: =IF(OR(B10="", C10=""), 0, ROUND(VLOOKUP(B10, 'دليل الأغذية (لكل 100ج)'!$A$2:$F$72, 4, FALSE) * (C10/100), 1)) | F10: =IF(OR(B10="", C10=""), 0, ROUND(VLOOKUP(B10, 'دليل الأغذية (لكل 100ج)'!$A$2:$F$72, 5, FALSE) * (C10/100), 1)) | G10: =IF(OR(B10="", C10=""), 0, ROUND(VLOOKUP(B10, 'دليل الأغذية (لكل 100ج)'!$A$2:$F$72, 6, FALSE) * (C10/100), 1))
A11: 7 | D11: =IF(OR(B11="", C11=""), 0, ROUND(VLOOKUP(B11, 'دليل الأغذية (لكل 100ج)'!$A$2:$F$72, 3, FALSE) * (C11/100), 1)) | E11: =IF(OR(B11="", C11=""), 0, ROUND(VLOOKUP(B11, 'دليل الأغذية (لكل 100ج)'!$A$2:$F$72, 4, FALSE) * (C11/100), 1)) | F11: =IF(OR(B11="", C11=""), 0, ROUND(VLOOKUP(B11, 'دليل الأغذية (لكل 100ج)'!$A$2:$F$72, 5, FALSE) * (C11/100), 1)) | G11: =IF(OR(B11="", C11=""), 0, ROUND(VLOOKUP(B11, 'دليل الأغذية (لكل 100ج)'!$A$2:$F$72, 6, FALSE) * (C11/100), 1))
A12: 8 | D12: =IF(OR(B12="", C12=""), 0, ROUND(VLOOKUP(B12, 'دليل الأغذية (لكل 100ج)'!$A$2:$F$72, 3, FALSE) * (C12/100), 1)) | E12: =IF(OR(B12="", C12=""), 0, ROUND(VLOOKUP(B12, 'دليل الأغذية (لكل 100ج)'!$A$2:$F$72, 4, FALSE) * (C12/100), 1)) | F12: =IF(OR(B12="", C12=""), 0, ROUND(VLOOKUP(B12, 'دليل الأغذية (لكل 100ج)'!$A$2:$F$72, 5, FALSE) * (C12/100), 1)) | G12: =IF(OR(B12="", C12=""), 0, ROUND(VLOOKUP(B12, 'دليل الأغذية (لكل 100ج)'!$A$2:$F$72, 6, FALSE) * (C12/100), 1))
A13: 9 | D13: =IF(OR(B13="", C13=""), 0, ROUND(VLOOKUP(B13, 'دليل الأغذية (لكل 100ج)'!$A$2:$F$72, 3, FALSE) * (C13/100), 1)) | E13: =IF(OR(B13="", C13=""), 0, ROUND(VLOOKUP(B13, 'دليل الأغذية (لكل 100ج)'!$A$2:$F$72, 4, FALSE) * (C13/100), 1)) | F13: =IF(OR(B13="", C13=""), 0, ROUND(VLOOKUP(B13, 'دليل الأغذية (لكل 100ج)'!$A$2:$F$72, 5, FALSE) * (C13/100), 1)) | G13: =IF(OR(B13="", C13=""), 0, ROUND(VLOOKUP(B13, 'دليل الأغذية (لكل 100ج)'!$A$2:$F$72, 6, FALSE) * (C13/100), 1))
A14: 10 | D14: =IF(OR(B14="", C14=""), 0, ROUND(VLOOKUP(B14, 'دليل الأغذية (لكل 100ج)'!$A$2:$F$72, 3, FALSE) * (C14/100), 1)) | E14: =IF(OR(B14="", C14=""), 0, ROUND(VLOOKUP(B14, 'دليل الأغذية (لكل 100ج)'!$A$2:$F$72, 4, FALSE) * (C14/100), 1)) | F14: =IF(OR(B14="", C14=""), 0, ROUND(VLOOKUP(B14, 'دليل الأغذية (لكل 100ج)'!$A$2:$F$72, 5, FALSE) * (C14/100), 1)) | G14: =IF(OR(B14="", C14=""), 0, ROUND(VLOOKUP(B14, 'دليل الأغذية (لكل 100ج)'!$A$2:$F$72, 6, FALSE) * (C14/100), 1))
A15: 11 | D15: =IF(OR(B15="", C15=""), 0, ROUND(VLOOKUP(B15, 'دليل الأغذية (لكل 100ج)'!$A$2:$F$72, 3, FALSE) * (C15/100), 1)) | E15: =IF(OR(B15="", C15=""), 0, ROUND(VLOOKUP(B15, 'دليل الأغذية (لكل 100ج)'!$A$2:$F$72, 4, FALSE) * (C15/100), 1)) | F15: =IF(OR(B15="", C15=""), 0, ROUND(VLOOKUP(B15, 'دليل الأغذية (لكل 100ج)'!$A$2:$F$72, 5, FALSE) * (C15/100), 1)) | G15: =IF(OR(B15="", C15=""), 0, ROUND(VLOOKUP(B15, 'دليل الأغذية (لكل 100ج)'!$A$2:$F$72, 6, FALSE) * (C15/100), 1))
A16: 12 | D16: =IF(OR(B16="", C16=""), 0, ROUND(VLOOKUP(B16, 'دليل الأغذية (لكل 100ج)'!$A$2:$F$72, 3, FALSE) * (C16/100), 1)) | E16: =IF(OR(B16="", C16=""), 0, ROUND(VLOOKUP(B16, 'دليل الأغذية (لكل 100ج)'!$A$2:$F$72, 4, FALSE) * (C16/100), 1)) | F16: =IF(OR(B16="", C16=""), 0, ROUND(VLOOKUP(B16, 'دليل الأغذية (لكل 100ج)'!$A$2:$F$72, 5, FALSE) * (C16/100), 1)) | G16: =IF(OR(B16="", C16=""), 0, ROUND(VLOOKUP(B16, 'دليل الأغذية (لكل 100ج)'!$A$2:$F$72, 6, FALSE) * (C16/100), 1))
... A24: 20 | D24: =IF(OR(B24="", C24=""), 0, ROUND(VLOOKUP(B24, 'دليل الأغذية (لكل 100ج)'!$A$2:$F$72, 3, FALSE) * (C24/100), 1)) | E24: =IF(OR(B24="", C24=""), 0, ROUND(VLOOKUP(B24, 'دليل الأغذية (لكل 100ج)'!$A$2:$F$72, 4, FALSE) * (C24/100), 1)) | F24: =IF(OR(B24="", C24=""), 0, ROUND(VLOOKUP(B24, 'دليل الأغذية (لكل 100ج)'!$A$2:$F$72, 5, FALSE) * (C24/100), 1)) | G24: =IF(OR(B24="", C24=""), 0, ROUND(VLOOKUP(B24, 'دليل الأغذية (لكل 100ج)'!$A$2:$F$72, 6, FALSE) * (C24/100), 1))
A25: المجموع الكلي للوجبات | C25: =SUM(C5:C24) | D25: =SUM(D5:D24) | E25: =SUM(E5:E24) | F25: =SUM(F5:F24) | G25: =SUM(G5:G24)
